Language,Files,Blank,Comment,Code
Jupyter Notebook,758,0,13089396,13089396
C,20636,905743,422155,422155
C++,26857,2819753,197213,197213
Nix,42784,427423,144048,144048
diff,5081,23856,122464,122464
C/C++ Header,789,45400,96326,96326
TypeScript,5263,117827,87473,87473
HTML,1633,314466,84376,84376
Python,2668,78923,73306,73306
JavaScript,1639,27539,49542,49542
Ruby,1360,23395,33362,33362
Rust,295,10582,21536,21536
reStructuredText,41,7944,17104,17104
Go,640,17679,9531,9531
Bourne Shell,1231,11169,9038,9038
Assembly,57,2616,5267,5267
Java,74,1752,4127,4127
YAML,765,12063,3706,3706
CSS,243,17543,2598,2598
Markdown,7015,225484,2045,2045
Swift,54,2351,1939,1939
LESS,71,1178,1533,1533
SQL,125,1112,1395,1395
CMake,134,964,1152,1152
TOML,112,5154,1058,1058
Bourne Again Shell,78,798,1032,1032
yacc,34,578,920,920
Perl,21,797,632,632
Lua,16,208,564,564
make,75,963,537,537
Expect,20,256,495,495
PowerShell,38,248,445,445
SVG,2514,367,415,415
lex,1,175,403,403
Dart,58,942,364,364
Dockerfile,58,396,319,319
SCSS,42,813,302,302
Haskell,9,180,180,180
XML,169,98,137,137
GraphQL,1,142,123,123
Vuejs Component,13,209,118,118
Starlark,7,98,118,118
Lisp,15,149,97,97
Julia,4,46,74,74
sed,2,58,63,63
awk,4,22,55,55
m4,14,145,48,48
Elixir,3,97,42,42
R,4,183,41,41
Haml,1,47,40,40
Gradle,11,51,36,36
vim script,3,36,35,35
D,5,4,28,28
XSLT,4,34,23,23
Meson,3,57,22,22
Nim,1,14,19,19
Properties,4,0,18,18
ProGuard,1,3,18,18
zsh,5,17,16,16
Scheme,5,34,15,15
DOS Batch,54,111,11,11
CUDA,2,22,9,9
Visual Studio Solution,8,8,8,8
JSX,32,114,4,4
Objective-C++,1,3,3,3
Lean,2,4,3,3
Erlang,1,6,3,3
Tcl/Tk,2,6,2,2
PHP,2,9,2,2
Fish Shell,6,11,2,2
Protocol Buffers,5,30,1,1
kvlang,2,5,0,0
Windows Module Definition,1,5,0,0
Verilog-SystemVerilog,1,0,0,0
VHDL,2,22,0,0
Text,30162,4226657,0,0
TeX,3,4,0,0
TableGen,1,0,0,0
SWIG,3,3766,0,0
ReasonML,2,1,0,0
Racket,1,4,0,0
QML,2,15,0,0
PureScript,1,3,0,0
Maven,1,5,0,0
MSBuild script,3,1,0,0
Kotlin,1,2,0,0
JSON,10254,236,0,0
INI,32,97,0,0
HCL,1,0,0,0
ERB,7,58,0,0
CSV,1562,1141851,0,0
C#,4,2,0,0
Bazel,1,5,0,0
AsciiDoc,2,1,0,0
Ant,1,14,0,0
Agda,1,1,0,0
